{"cameraMode":{"drawMode":0,"name":"Shaded","section":"Shading Mode"},"sceneLighting":true,"audioPlay":false,"sceneViewState":{"m_AlwaysRefresh":false,"showFog":true,"showSkybox":true,"showFlares":true,"showImageEffects":true,"showParticleSystems":true,"showVisualEffectGraphs":true,"m_FxEnabled":true},"in2DMode":false,"pivot":{"x":0.1089678704738617,"y":-0.029833393171429635,"z":6.501071929931641},"rotation":{"x":0.09415116161108017,"y":-0.7148383259773254,"z":0.0981103926897049,"w":0.685974657535553},"size":4.742959022521973,"orthographic":false}